{
    "overall": {
        "accuracy": 0.245,
        "precision": 0.23708532643826757,
        "recall": 0.245,
        "f1": 0.23189544513457555
    },
    "species_0": {
        "accuracy": 0.20512820512820512,
        "precision": 0.13522267206477734,
        "recall": 0.20512820512820512,
        "f1": 0.15351742274819197
    },
    "species_1": {
        "accuracy": 0.16666666666666666,
        "precision": 0.2689814814814815,
        "recall": 0.16666666666666666,
        "f1": 0.15623857623857623
    },
    "species_2": {
        "accuracy": 0.3142857142857143,
        "precision": 0.3678571428571429,
        "recall": 0.3142857142857143,
        "f1": 0.3358014082826113
    },
    "species_3": {
        "accuracy": 0.22580645161290322,
        "precision": 0.25942275042444823,
        "recall": 0.22580645161290322,
        "f1": 0.1758026919317242
    },
    "species_4": {
        "accuracy": 0.3333333333333333,
        "precision": 0.26991341991341994,
        "recall": 0.3333333333333333,
        "f1": 0.2852770125497398
    },
    "species_5": {
        "accuracy": 0.21875,
        "precision": 0.25531759906759904,
        "recall": 0.21875,
        "f1": 0.21133996212121212
    },
    "confusion_matrix": [
        [
            15,
            4,
            6,
            11,
            5
        ],
        [
            7,
            6,
            8,
            15,
            10
        ],
        [
            10,
            2,
            2,
            12,
            4
        ],
        [
            9,
            3,
            5,
            18,
            8
        ],
        [
            10,
            8,
            5,
            9,
            8
        ]
    ],
    "feature_importance": {
        "features": [
            "Species",
            "Age",
            "Gender",
            "Weight",
            "Heart_Rate",
            "Respiratory_Rate",
            "Temperature",
            "Diet_Type",
            "Habitat_Quality",
            "Genetic_Risk",
            "Medical_History"
        ],
        "importance": [
            0.07039396825187683,
            0.1410037856398706,
            0.026375318303248282,
            0.14136198364656302,
            0.13642772568110131,
            0.14435534446711293,
            0.13649625525579812,
            0.04410608002640095,
            0.041776131425111995,
            0.04649083191681523,
            0.07121257538610071
        ]
    }
}